"USERNAME","sentiment"
"bmj_latest",1.79602309172547
"JAMA_current",-0.609364977549711
"NEJM",1.21872995509942
"TheLancet",-0.32071840923669
